﻿pos_x,pos_y,rotation,side,designator,mpn,pack,value,mount_type,place
90.7,-132.4,0.0,top,C1,,C_0603_1608Metric,1 uF,smt,True
89.408,-128.384,90.0,top,C10,,C_0603_1608Metric,1 uF,smt,True
66.0,-41.7,180.0,top,C11,,C_0603_1608Metric,1 uF,smt,True
89.408,-108.966,90.0,top,C12,,C_0603_1608Metric,1 uF,smt,True
49.3,-41.7,180.0,top,C13,,C_0603_1608Metric,1 uF,smt,True
82.3,-41.8,180.0,top,C14,,C_0603_1608Metric,1 uF,smt,True
52.2,-75.7,180.0,top,C15,,C_0603_1608Metric,10 uF,smt,True
71.625,-37.7,0.0,top,C2,,C_0603_1608Metric,1 uF,smt,True
90.7,-112.8,0.0,top,C3,,C_0603_1608Metric,1 uF,smt,True
90.3,-93.8,0.0,top,C4,,C_0603_1608Metric,1 uF,smt,True
66.1286,-62.1792,0.0,top,C5,,C_0603_1608Metric,10 uF,smt,True
53.8,-38.3,90.0,top,C6,,C_0603_1608Metric,1 uF,smt,True
86.9,-37.1,0.0,top,C7,,C_0603_1608Metric,1 uF,smt,True
69.9386,-62.1792,0.0,top,C8,,C_0603_1608Metric,1 uF,smt,True
89.535,-90.157,90.0,top,C9,,C_0603_1608Metric,1 uF,smt,True
75.3364,-82.1944,180.0,top,D1,,LED_0805_2012Metric,PWR LED,smt,True
91.5416,-47.0408,0.0,bottom,D10,,LED_0805_2012Metric,IN-S85ATG,smt,True
45.974,-95.6056,-75.0,bottom,D100,,LED_0805_2012Metric,IN-S85ATG,smt,True
84.6328,-98.6028,0.0,bottom,D101,,LED_0805_2012Metric,IN-S85ATG,smt,True
92.1,-95.7072,90.0,bottom,D102,,LED_0805_2012Metric,IN-S85ATG,smt,True
74.3712,-98.6028,0.0,bottom,D103,,LED_0805_2012Metric,IN-S85ATG,smt,True
63.8556,-98.6028,0.0,bottom,D104,,LED_0805_2012Metric,IN-S85ATG,smt,True
53.594,-98.6028,0.0,bottom,D105,,LED_0805_2012Metric,IN-S85ATG,smt,True
43.2308,-98.6028,0.0,bottom,D106,,LED_0805_2012Metric,IN-S85ATG,smt,True
81.2292,-101.752,0.0,bottom,D107,,LED_0805_2012Metric,IN-S85ATG,smt,True
69.0372,-101.752,0.0,bottom,D108,,LED_0805_2012Metric,IN-S85ATG,smt,True
58.3692,-101.752,0.0,bottom,D109,,LED_0805_2012Metric,IN-S85ATG,smt,True
77.216,-47.0408,0.0,bottom,D11,,LED_0805_2012Metric,IN-S85ATG,smt,True
46.5836,-101.752,0.0,bottom,D110,,LED_0805_2012Metric,IN-S85ATG,smt,True
82.6008,-106.782,0.0,bottom,D111,,LED_0805_2012Metric,IN-S85ATG,smt,True
92.0,-109.5,90.0,bottom,D112,,LED_0805_2012Metric,IN-S85ATG,smt,True
71.9836,-106.782,0.0,bottom,D113,,LED_0805_2012Metric,IN-S85ATG,smt,True
61.722,-106.782,0.0,bottom,D114,,LED_0805_2012Metric,IN-S85ATG,smt,True
51.1556,-106.782,0.0,bottom,D115,,LED_0805_2012Metric,IN-S85ATG,smt,True
40.4876,-106.782,0.0,bottom,D116,,LED_0805_2012Metric,IN-S85ATG,smt,True
86.0552,-109.525,-75.0,bottom,D117,,LED_0805_2012Metric,IN-S85ATG,smt,True
79.2988,-109.372,-75.0,bottom,D118,,LED_0805_2012Metric,IN-S85ATG,smt,True
75.692,-109.22,-75.0,bottom,D119,,LED_0805_2012Metric,IN-S85ATG,smt,True
84.582,-49.6316,0.0,bottom,D12,,LED_0805_2012Metric,IN-S85ATG,smt,True
65.3796,-109.779,-75.0,bottom,D120,,LED_0805_2012Metric,IN-S85ATG,smt,True
68.9864,-109.372,-75.0,bottom,D121,,LED_0805_2012Metric,IN-S85ATG,smt,True
58.5216,-109.169,-75.0,bottom,D122,,LED_0805_2012Metric,IN-S85ATG,smt,True
54.9656,-109.931,-75.0,bottom,D123,,LED_0805_2012Metric,IN-S85ATG,smt,True
44.5574,-109.794,-75.0,bottom,D124,,LED_0805_2012Metric,IN-S85ATG,smt,True
48.1076,-109.22,-75.0,bottom,D125,,LED_0805_2012Metric,IN-S85ATG,smt,True
37.7444,-109.525,-75.0,bottom,D126,,LED_0805_2012Metric,IN-S85ATG,smt,True
91.9988,-112.319,0.0,bottom,D127,,LED_0805_2012Metric,IN-S85ATG,smt,True
83.3628,-112.319,0.0,bottom,D128,,LED_0805_2012Metric,IN-S85ATG,smt,True
73.1012,-112.268,0.0,bottom,D129,,LED_0805_2012Metric,IN-S85ATG,smt,True
91.5416,-54.0512,0.0,bottom,D13,,LED_0805_2012Metric,IN-S85ATG,smt,True
62.6872,-112.471,0.0,bottom,D130,,LED_0805_2012Metric,IN-S85ATG,smt,True
52.4256,-112.471,0.0,bottom,D131,,LED_0805_2012Metric,IN-S85ATG,smt,True
41.8084,-112.319,0.0,bottom,D132,,LED_0805_2012Metric,IN-S85ATG,smt,True
80.8228,-115.113,-75.0,bottom,D133,,LED_0805_2012Metric,IN-S85ATG,smt,True
87.5284,-115.011,-75.0,bottom,D134,,LED_0805_2012Metric,IN-S85ATG,smt,True
70.3072,-114.91,-75.0,bottom,D135,,LED_0805_2012Metric,IN-S85ATG,smt,True
60.0456,-114.91,-75.0,bottom,D136,,LED_0805_2012Metric,IN-S85ATG,smt,True
77.0636,-114.503,-75.0,bottom,D137,,LED_0805_2012Metric,IN-S85ATG,smt,True
66.6496,-114.605,-75.0,bottom,D138,,LED_0805_2012Metric,IN-S85ATG,smt,True
49.6316,-115.011,-75.0,bottom,D139,,LED_0805_2012Metric,IN-S85ATG,smt,True
77.216,-54.0512,0.0,bottom,D14,,LED_0805_2012Metric,IN-S85ATG,smt,True
39.2176,-115.113,-75.0,bottom,D140,,LED_0805_2012Metric,IN-S85ATG,smt,True
56.2864,-114.96,-75.0,bottom,D141,,LED_0805_2012Metric,IN-S85ATG,smt,True
45.9,-114.7,-75.0,bottom,D142,,LED_0805_2012Metric,IN-S85ATG,smt,True
91.9788,-115.062,90.0,bottom,D143,,LED_0805_2012Metric,IN-S85ATG,smt,True
84.7852,-117.856,0.0,bottom,D144,,LED_0805_2012Metric,IN-S85ATG,smt,True
74.2696,-117.754,0.0,bottom,D145,,LED_0805_2012Metric,IN-S85ATG,smt,True
63.9064,-118.059,0.0,bottom,D146,,LED_0805_2012Metric,IN-S85ATG,smt,True
53.6956,-117.805,0.0,bottom,D147,,LED_0805_2012Metric,IN-S85ATG,smt,True
43.3324,-117.907,0.0,bottom,D148,,LED_0805_2012Metric,IN-S85ATG,smt,True
80.5688,-120.853,0.0,bottom,D149,,LED_0805_2012Metric,IN-S85ATG,smt,True
51.4096,-43.7896,0.0,bottom,D15,,LED_0805_2012Metric,IN-S85ATG,smt,True
68.453,-121.031,0.0,bottom,D150,,LED_0805_2012Metric,IN-S85ATG,smt,True
54.864,-120.853,0.0,bottom,D151,,LED_0805_2012Metric,IN-S85ATG,smt,True
45.4152,-120.853,0.0,bottom,D152,,LED_0805_2012Metric,IN-S85ATG,smt,True
91.9788,-128.575,90.0,bottom,D153,,LED_0805_2012Metric,IN-S85ATG,smt,True
82.3976,-125.832,0.0,bottom,D154,,LED_0805_2012Metric,IN-S85ATG,smt,True
72.136,-125.73,0.0,bottom,D155,,LED_0805_2012Metric,IN-S85ATG,smt,True
61.214,-125.832,0.0,bottom,D156,,LED_0805_2012Metric,IN-S85ATG,smt,True
51.1048,-125.832,0.0,bottom,D157,,LED_0805_2012Metric,IN-S85ATG,smt,True
40.8432,-125.832,0.0,bottom,D158,,LED_0805_2012Metric,IN-S85ATG,smt,True
86.2076,-128.93,-75.0,bottom,D159,,LED_0805_2012Metric,IN-S85ATG,smt,True
40.894,-43.7896,0.0,bottom,D16,,LED_0805_2012Metric,IN-S85ATG,smt,True
79.248,-128.321,-75.0,bottom,D160,,LED_0805_2012Metric,IN-S85ATG,smt,True
75.7936,-128.88,-75.0,bottom,D161,,LED_0805_2012Metric,IN-S85ATG,smt,True
65.3288,-128.778,-75.0,bottom,D162,,LED_0805_2012Metric,IN-S85ATG,smt,True
91.9988,-131.267,0.0,bottom,D163,,LED_0805_2012Metric,IN-S85ATG,smt,True
68.834,-128.219,-75.0,bottom,D164,,LED_0805_2012Metric,IN-S85ATG,smt,True
58.7756,-129.489,-75.0,bottom,D165,,LED_0805_2012Metric,IN-S85ATG,smt,True
55.118,-128.778,-75.0,bottom,D166,,LED_0805_2012Metric,IN-S85ATG,smt,True
44.4644,-128.625,-75.0,bottom,D167,,LED_0805_2012Metric,IN-S85ATG,smt,True
48.0712,-128.218,-75.0,bottom,D168,,LED_0805_2012Metric,IN-S85ATG,smt,True
37.5412,-128.372,-75.0,bottom,D169,,LED_0805_2012Metric,IN-S85ATG,smt,True
55.0672,-46.2788,-75.0,bottom,D17,,LED_0805_2012Metric,IN-S85ATG,smt,True
83.4136,-131.42,0.0,bottom,D170,,LED_0805_2012Metric,IN-S85ATG,smt,True
73.2028,-131.369,0.0,bottom,D171,,LED_0805_2012Metric,IN-S85ATG,smt,True
62.3316,-131.623,0.0,bottom,D172,,LED_0805_2012Metric,IN-S85ATG,smt,True
52.4256,-131.521,0.0,bottom,D173,,LED_0805_2012Metric,IN-S85ATG,smt,True
41.91,-131.369,0.0,bottom,D174,,LED_0805_2012Metric,IN-S85ATG,smt,True
80.8736,-134.264,-75.0,bottom,D175,,LED_0805_2012Metric,IN-S85ATG,smt,True
91.9788,-134.264,90.0,bottom,D176,,LED_0805_2012Metric,IN-S85ATG,smt,True
87.5792,-134.01,-75.0,bottom,D177,,LED_0805_2012Metric,IN-S85ATG,smt,True
70.358,-134.01,-75.0,bottom,D178,,LED_0805_2012Metric,IN-S85ATG,smt,True
59.9948,-134.264,-75.0,bottom,D179,,LED_0805_2012Metric,IN-S85ATG,smt,True
44.6024,-46.5836,-75.0,bottom,D18,,LED_0805_2012Metric,IN-S85ATG,smt,True
77.216,-134.112,-75.0,bottom,D180,,LED_0805_2012Metric,IN-S85ATG,smt,True
66.7004,-133.756,-75.0,bottom,D181,,LED_0805_2012Metric,IN-S85ATG,smt,True
49.5444,-134.06,-75.0,bottom,D182,,LED_0805_2012Metric,IN-S85ATG,smt,True
38.9272,-134.111,-75.0,bottom,D183,,LED_0805_2012Metric,IN-S85ATG,smt,True
56.5404,-134.468,-75.0,bottom,D184,,LED_0805_2012Metric,IN-S85ATG,smt,True
45.9376,-134.314,-75.0,bottom,D185,,LED_0805_2012Metric,IN-S85ATG,smt,True
84.8868,-136.957,0.0,bottom,D186,,LED_0805_2012Metric,IN-S85ATG,smt,True
74.2696,-136.957,0.0,bottom,D187,,LED_0805_2012Metric,IN-S85ATG,smt,True
64.0588,-136.957,0.0,bottom,D188,,LED_0805_2012Metric,IN-S85ATG,smt,True
53.7464,-136.957,0.0,bottom,D189,,LED_0805_2012Metric,IN-S85ATG,smt,True
48.514,-46.8376,-75.0,bottom,D19,,LED_0805_2012Metric,IN-S85ATG,smt,True
43.2816,-136.957,0.0,bottom,D190,,LED_0805_2012Metric,IN-S85ATG,smt,True
78.3844,-78.9432,0.0,top,D191,,D_SOD-123F,B0540W,smt,True
78.3844,-76.5048,0.0,top,D192,,D_SOD-123F,B0540W,smt,True
64.008,-79.756,0.0,top,D2,,LED_0805_2012Metric,red,smt,True
37.6936,-46.6344,-75.0,bottom,D20,,LED_0805_2012Metric,IN-S85ATG,smt,True
52.4256,-49.1236,0.0,bottom,D21,,LED_0805_2012Metric,IN-S85ATG,smt,True
42.0624,-49.3776,0.0,bottom,D22,,LED_0805_2012Metric,IN-S85ATG,smt,True
50.038,-52.2732,-75.0,bottom,D23,,LED_0805_2012Metric,IN-S85ATG,smt,True
39.2684,-52.324,-75.0,bottom,D24,,LED_0805_2012Metric,IN-S85ATG,smt,True
56.642,-51.8668,-75.0,bottom,D25,,LED_0805_2012Metric,IN-S85ATG,smt,True
46.0248,-52.1208,-75.0,bottom,D26,,LED_0805_2012Metric,IN-S85ATG,smt,True
53.848,-54.9148,0.0,bottom,D27,,LED_0805_2012Metric,IN-S85ATG,smt,True
43.1292,-54.9148,0.0,bottom,D28,,LED_0805_2012Metric,IN-S85ATG,smt,True
86.1568,-60.96,0.0,bottom,D29,,LED_0805_2012Metric,IN-S85ATG,smt,True
91.5416,-38.862,0.0,bottom,D3,,LED_0805_2012Metric,IN-S85ATG,smt,True
76.4032,-60.96,0.0,bottom,D30,,LED_0805_2012Metric,IN-S85ATG,smt,True
50.5968,-61.3664,0.0,bottom,D31,,LED_0805_2012Metric,IN-S85ATG,smt,True
40.64,-61.468,0.0,bottom,D32,,LED_0805_2012Metric,IN-S85ATG,smt,True
91.2368,-64.1096,0.0,bottom,D33,,LED_0805_2012Metric,IN-S85ATG,smt,True
80.7212,-64.1096,0.0,bottom,D34,,LED_0805_2012Metric,IN-S85ATG,smt,True
55.5244,-63.754,0.0,bottom,D35,,LED_0805_2012Metric,IN-S85ATG,smt,True
45.2628,-63.8556,0.0,bottom,D36,,LED_0805_2012Metric,IN-S85ATG,smt,True
88.392,-68.2244,0.0,bottom,D37,,LED_0805_2012Metric,IN-S85ATG,smt,True
78.0288,-68.2244,0.0,bottom,D38,,LED_0805_2012Metric,IN-S85ATG,smt,True
51.308,-68.2244,0.0,bottom,D39,,LED_0805_2012Metric,IN-S85ATG,smt,True
77.216,-38.862,0.0,bottom,D4,,LED_0805_2012Metric,IN-S85ATG,smt,True
41.0464,-68.2244,0.0,bottom,D40,,LED_0805_2012Metric,IN-S85ATG,smt,True
92.2528,-70.9168,-75.0,bottom,D41,,LED_0805_2012Metric,IN-S85ATG,smt,True
81.7372,-71.3232,-75.0,bottom,D42,,LED_0805_2012Metric,IN-S85ATG,smt,True
85.344,-70.5104,-75.0,bottom,D43,,LED_0805_2012Metric,IN-S85ATG,smt,True
74.8284,-70.8152,-75.0,bottom,D44,,LED_0805_2012Metric,IN-S85ATG,smt,True
55.1688,-70.8152,-75.0,bottom,D45,,LED_0805_2012Metric,IN-S85ATG,smt,True
44.45,-71.0692,-75.0,bottom,D46,,LED_0805_2012Metric,IN-S85ATG,smt,True
48.4124,-70.9676,-75.0,bottom,D47,,LED_0805_2012Metric,IN-S85ATG,smt,True
37.7444,-70.7136,-75.0,bottom,D48,,LED_0805_2012Metric,IN-S85ATG,smt,True
89.662,-73.7616,0.0,bottom,D49,,LED_0805_2012Metric,IN-S85ATG,smt,True
49.1744,-36.83,0.0,bottom,D5,,LED_0805_2012Metric,IN-S85ATG,smt,True
79.0448,-73.7616,0.0,bottom,D50,,LED_0805_2012Metric,IN-S85ATG,smt,True
52.578,-73.7616,0.0,bottom,D51,,LED_0805_2012Metric,IN-S85ATG,smt,True
41.9608,-73.7108,0.0,bottom,D52,,LED_0805_2012Metric,IN-S85ATG,smt,True
86.9696,-76.454,-75.0,bottom,D53,,LED_0805_2012Metric,IN-S85ATG,smt,True
76.3016,-76.3016,-75.0,bottom,D54,,LED_0805_2012Metric,IN-S85ATG,smt,True
93.7768,-76.3016,-75.0,bottom,D55,,LED_0805_2012Metric,IN-S85ATG,smt,True
83.058,-76.3016,-75.0,bottom,D56,,LED_0805_2012Metric,IN-S85ATG,smt,True
49.784,-76.2508,-75.0,bottom,D57,,LED_0805_2012Metric,IN-S85ATG,smt,True
39.1668,-76.2,-75.0,bottom,D58,,LED_0805_2012Metric,IN-S85ATG,smt,True
56.7436,-76.454,-75.0,bottom,D59,,LED_0805_2012Metric,IN-S85ATG,smt,True
40.9956,-36.83,0.0,bottom,D6,,LED_0805_2012Metric,IN-S85ATG,smt,True
46.0248,-76.2508,-75.0,bottom,D60,,LED_0805_2012Metric,IN-S85ATG,smt,True
90.8304,-79.1972,0.0,bottom,D61,,LED_0805_2012Metric,IN-S85ATG,smt,True
80.264,-79.1972,0.0,bottom,D62,,LED_0805_2012Metric,IN-S85ATG,smt,True
53.4416,-79.1972,0.0,bottom,D63,,LED_0805_2012Metric,IN-S85ATG,smt,True
43.3324,-79.1972,0.0,bottom,D64,,LED_0805_2012Metric,IN-S85ATG,smt,True
82.423,-82.423,0.0,bottom,D65,,LED_0805_2012Metric,IN-S85ATG,smt,True
71.12,-82.4484,0.0,bottom,D66,,LED_0805_2012Metric,IN-S85ATG,smt,True
58.3184,-82.4484,0.0,bottom,D67,,LED_0805_2012Metric,IN-S85ATG,smt,True
45.8955,-82.423,0.0,bottom,D68,,LED_0805_2012Metric,IN-S85ATG,smt,True
82.4484,-87.4268,0.0,bottom,D69,,LED_0805_2012Metric,IN-S85ATG,smt,True
84.582,-43.3324,0.0,bottom,D7,,LED_0805_2012Metric,IN-S85ATG,smt,True
72.0344,-87.4268,0.0,bottom,D70,,LED_0805_2012Metric,IN-S85ATG,smt,True
61.7728,-87.4268,0.0,bottom,D71,,LED_0805_2012Metric,IN-S85ATG,smt,True
51.1556,-87.4268,0.0,bottom,D72,,LED_0805_2012Metric,IN-S85ATG,smt,True
40.8432,-87.4268,0.0,bottom,D73,,LED_0805_2012Metric,IN-S85ATG,smt,True
92.2,-90.2,90.0,bottom,D74,,LED_0805_2012Metric,IN-S85ATG,smt,True
86.3092,-90.2208,-75.0,bottom,D75,,LED_0805_2012Metric,IN-S85ATG,smt,True
79.4512,-90.0176,-75.0,bottom,D76,,LED_0805_2012Metric,IN-S85ATG,smt,True
75.7428,-90.2716,-75.0,bottom,D77,,LED_0805_2012Metric,IN-S85ATG,smt,True
65.3796,-90.2716,-75.0,bottom,D78,,LED_0805_2012Metric,IN-S85ATG,smt,True
68.9356,-89.8652,-75.0,bottom,D79,,LED_0805_2012Metric,IN-S85ATG,smt,True
54.0512,-39.9796,0.0,bottom,D8,,LED_0805_2012Metric,IN-S85ATG,smt,True
58.5216,-89.916,-75.0,bottom,D80,,LED_0805_2012Metric,IN-S85ATG,smt,True
55.0672,-90.3224,-75.0,bottom,D81,,LED_0805_2012Metric,IN-S85ATG,smt,True
44.5516,-90.424,-75.0,bottom,D82,,LED_0805_2012Metric,IN-S85ATG,smt,True
48.1076,-90.0176,-75.0,bottom,D83,,LED_0805_2012Metric,IN-S85ATG,smt,True
37.6428,-89.8144,-75.0,bottom,D84,,LED_0805_2012Metric,IN-S85ATG,smt,True
83.6168,-93.0656,0.0,bottom,D85,,LED_0805_2012Metric,IN-S85ATG,smt,True
92.1,-93.0,0.0,bottom,D86,,LED_0805_2012Metric,IN-S85ATG,smt,True
73.152,-93.0656,0.0,bottom,D87,,LED_0805_2012Metric,IN-S85ATG,smt,True
62.7888,-93.0656,0.0,bottom,D88,,LED_0805_2012Metric,IN-S85ATG,smt,True
52.2224,-93.1164,0.0,bottom,D89,,LED_0805_2012Metric,IN-S85ATG,smt,True
44.6532,-39.9796,0.0,bottom,D9,,LED_0805_2012Metric,IN-S85ATG,smt,True
41.8084,-93.0656,0.0,bottom,D90,,LED_0805_2012Metric,IN-S85ATG,smt,True
80.8736,-95.7072,-75.0,bottom,D91,,LED_0805_2012Metric,IN-S85ATG,smt,True
87.7316,-95.9104,-75.0,bottom,D92,,LED_0805_2012Metric,IN-S85ATG,smt,True
70.4596,-95.6564,-75.0,bottom,D93,,LED_0805_2012Metric,IN-S85ATG,smt,True
59.9948,-95.6056,-75.0,bottom,D94,,LED_0805_2012Metric,IN-S85ATG,smt,True
77.1652,-95.7072,-75.0,bottom,D95,,LED_0805_2012Metric,IN-S85ATG,smt,True
66.802,-95.8088,-75.0,bottom,D96,,LED_0805_2012Metric,IN-S85ATG,smt,True
49.6316,-95.6056,-75.0,bottom,D97,,LED_0805_2012Metric,IN-S85ATG,smt,True
39.2176,-95.5548,-75.0,bottom,D98,,LED_0805_2012Metric,IN-S85ATG,smt,True
56.2864,-95.504,-75.0,bottom,D99,,LED_0805_2012Metric,IN-S85ATG,smt,True
78.25,-67.4,90.0,top,J1,,MOLEX_105133-0001,105133-0001,tht,True
60.7,-57.0,0.0,top,J2,,3221-10-0300-00-TR,3221-10-0300-00-TR,tht,True
86.233,-75.311,90.0,top,J3,,TSM-104-01-L-SV,TSM-104-01-L-SV,tht,True
59.3,-83.1,-90.0,top,R10,,R_0603_1608Metric,1K,smt,True
59.2,-66.5,-90.0,top,R13,,R_0603_1608Metric,0K,smt,True
59.5,-74.0,-90.0,top,R14,,R_0603_1608Metric,1K,smt,True
91.1,-90.2,90.0,top,R15,,R_0603_1608Metric,3.65K,smt,True
91.0,-128.4,90.0,top,R16,,R_0603_1608Metric,3.65K,smt,True
91.0,-109.0,90.0,top,R17,,R_0603_1608Metric,3.65K,smt,True
66.0,-40.0,180.0,top,R18,,R_0603_1608Metric,3.65K,smt,True
49.3,-40.1,180.0,top,R19,,R_0603_1608Metric,3.65K,smt,True
82.3,-40.2,180.0,top,R20,,R_0603_1608Metric,3.65K,smt,True
57.8,-74.0,-90.0,top,R21,,R_0603_1608Metric,1K,smt,True
43.3,-81.5,90.0,top,R22,,R_0603_1608Metric,1K,smt,True
59.3,-86.6,90.0,top,R23,,R_0603_1608Metric,1K,smt,True
73.5198,-80.3148,0.0,top,R4,,R_0603_1608Metric,1.5K,smt,True
66.9036,-77.8764,-90.0,top,R5,,R_0603_1608Metric,1.5K,smt,True
45.0,-81.5,-90.0,top,R7,,R_0603_1608Metric,1K,smt,True
46.7,-81.5,-90.0,top,R8,,R_0603_1608Metric,1K,smt,True
57.7,-81.5,-90.0,top,R9,,R_0603_1608Metric,1K,smt,True
67.7292,-58.5036,90.0,top,SW1,,BTN_KMR2_4.6X2.8,KMR241NG,tht,True
73.4568,-77.5208,180.0,top,U1,,SOT-23-5,AP2204K-3.3,smt,True
85.09,-92.71,-90.0,top,U2,,VQFN-46-1EP_5x6mm_P0.4mm_EP2.8x3.8mm,LP5036,smt,True
84.963,-131.0434,-90.0,top,U3,,VQFN-46-1EP_5x6mm_P0.4mm_EP2.8x3.8mm,LP5036,smt,True
84.963,-111.531,-90.0,top,U4,,VQFN-46-1EP_5x6mm_P0.4mm_EP2.8x3.8mm,LP5036,smt,True
68.775,-46.193,0.0,top,U5,,VQFN-46-1EP_5x6mm_P0.4mm_EP2.8x3.8mm,LP5036,smt,True
66.548,-70.1548,0.0,top,U6,,TQFP-32_7x7mm_P0.8mm,ATSAMD21E18A-A,smt,True
51.775,-46.1877,0.0,top,U7,,VQFN-46-1EP_5x6mm_P0.4mm_EP2.8x3.8mm,LP5036,smt,True
85.365,-46.1888,0.0,top,U8,,VQFN-46-1EP_5x6mm_P0.4mm_EP2.8x3.8mm,LP5036,smt,True
52.375,-81.04,0.0,top,U9,,SOIC-14_3.9x8.7mm_P1.27mm,TCA9543ADR,smt,True
